column_a,column_b,target
0.4967141530112327,value_0,1.3993554365860021
-0.13826430117118466,value_1,0.9246336829127688
0.6476885381006925,value_2,0.05963036992017413
1.5230298564080254,value_0,-0.6469367777055739
-0.23415337472333597,value_1,0.69822331361359
-0.23413695694918055,value_2,0.3934853854217497
1.5792128155073915,value_0,0.8951932200277323
0.7674347291529088,value_1,0.6351718016819695
-0.4694743859349521,value_2,1.0495527153193351
0.5425600435859647,value_0,-0.535235211560568
-0.46341769281246226,value_1,1.3173940656343257
-0.46572975357025687,value_2,0.19759960469239965
0.24196227156603412,value_0,2.0752608726252655
-1.913280244657798,value_1,-0.6891878180895679
-1.7249178325130328,value_2,1.7359638031652493
-0.5622875292409727,value_0,0.1979107834626478
-1.0128311203344238,value_1,-0.6514180036144483
0.3142473325952739,value_2,-0.48388583405432156
-0.9080240755212111,value_0,-0.32034730819432017
-1.4123037013352917,value_1,0.4241659464019164
1.465648768921554,value_2,0.5228354880354996
-0.22577630048653566,value_0,-0.573700003938579
0.06752820468792384,value_1,-0.02435459226098284
-1.4247481862134568,value_2,2.1422703586118637
-0.5443827245251827,value_0,1.7275431701007113
0.11092258970986608,value_1,0.4363236696740321
-1.1509935774223028,value_2,0.03800347816820029
0.37569801834567196,value_0,0.1200313267182613
-0.600638689918805,value_1,0.6135179727304166
-0.2916937497932768,value_2,-1.0227925651984056
-0.6017066122293969,value_0,-0.25737653742334515
1.8522781845089378,value_1,-1.66858407387759
-0.013497224737933914,value_2,0.39922312260527926
-1.0577109289559,value_0,0.647195939702741
0.822544912103189,value_1,-0.4831864622993739
-1.2208436499710222,value_2,1.5739867632900326
0.2088635950047554,value_0,-1.225765663002341
-1.9596701238797756,value_1,-1.46437488020982
-1.3281860488984305,value_2,0.22445181855997198
0.19686123586912352,value_0,1.0470983026121545
0.7384665799954104,value_1,1.6839276914578687
0.1713682811899705,value_2,-0.45888426286894
-0.11564828238824053,value_0,1.0786808334312956
-0.3011036955892888,value_1,-0.03850846950070721
-1.4785219903674274,value_2,-0.17262729994081963
-0.7198442083947086,value_0,0.8836599374866724
-0.4606387709597875,value_1,0.6523228784134196
1.0571222262189157,value_2,-1.5763921569842494
0.3436182895684614,value_0,1.4765403497258958
-1.763040155362734,value_1,1.3800913541474515
0.324083969394795,value_2,-0.6255627015095294
-0.38508228041631654,value_0,0.39580353343740904
-0.6769220003059587,value_1,0.4940301862827388
0.6116762888408679,value_2,0.2606737658239071
1.030999522495951,value_0,-0.5503051538454201
0.9312801191161986,value_1,-0.6716233679380516
-0.8392175232226385,value_2,-0.025554070991445278
-0.3092123758512146,value_0,1.1727290192593647
0.33126343140356396,value_1,0.5436001545944323
0.9755451271223592,value_2,-0.37061433208610595
-0.47917423784528995,value_0,0.7716987106483447
-0.18565897666381712,value_1,-2.8485426206300755
-1.1063349740060282,value_2,1.1487657003721035
-1.1962066240806708,value_0,-1.7397137787780996
0.812525822394198,value_1,-0.36244094140313216
1.356240028570823,value_2,-1.1196698946261439
-0.07201012158033385,value_0,-1.2946814757209055
1.0035328978920242,value_1,1.1608267873785192
0.36163602504763415,value_2,-0.46770120131189136
-0.6451197546051243,value_0,0.3465038817307158
0.36139560550841393,value_1,-0.04692057887918407
1.5380365664659692,value_2,0.47704082722312147
-0.03582603910995153,value_0,0.07682189106025536
1.564643655814006,value_1,-1.2829922241885696
-2.6197451040897444,value_2,0.99626681944714
0.8219025043752238,value_0,-0.4937565831613125
0.08704706823817134,value_1,-1.556581898659751
-0.29900735046586785,value_2,-0.4281151609659125
0.0917607765355023,value_0,1.5007597906343109
-1.9875689146008928,value_1,0.8502217421134929
-0.21967188783751193,value_2,-0.3486521344078592
0.3571125715117464,value_0,-0.3492577043184288
1.477894044741516,value_1,-0.3216350512173826
-0.5182702182736474,value_2,2.076747983560841
-0.8084936028931876,value_0,0.38193545223155334
-0.5017570435845365,value_1,0.43004164719106963
0.9154021177020741,value_2,1.0302834540318422
0.32875110965968446,value_0,0.23878915902651351
-0.5297602037670388,value_1,-0.2590421458207031
0.5132674331133561,value_2,-0.19634984908497827
0.09707754934804039,value_0,-0.07160125941406395
0.9686449905328892,value_1,-0.03722223650984159
-0.7020530938773524,value_2,0.7276295436369798
-0.3276621465977682,value_0,0.05194588580729943
-0.39210815313215763,value_1,0.7326400772155792
-1.4635149481321186,value_2,-0.08071658010858232
0.29612027706457605,value_0,0.07863519031609059
0.26105527217988933,value_1,-1.9982006845321076
0.0051134566424609,value_2,0.9163276747024814
-0.23458713337514742,value_0,0.3464884758979927
-1.4153707420504142,value_1,0.9980101098596522
-0.42064532276535904,value_2,-2.8962553781936893
-0.3427145165267695,value_0,2.0883747047807275
-0.8022772692216189,value_1,-0.13958962815517376
-0.16128571166600914,value_2,1.1081828167375165
0.4040508568145384,value_0,-1.0399059271255309
1.8861859012105302,value_1,0.6127739050625697
0.17457781283183896,value_2,-1.0534155631736561
0.257550390722764,value_0,-0.6237689606958051
-0.0744459157661671,value_1,1.9140313538667861
-1.9187712152990415,value_2,-0.19068240076334658
-0.026513875449216878,value_0,0.21743287317972287
0.06023020994102644,value_1,0.8700677306887539
2.463242112485286,value_2,0.4956818879726045
-0.19236096478112252,value_0,0.15041890514357628
0.30154734233361247,value_1,0.3649610024662251
-0.03471176970524331,value_2,2.403415585238275
-1.168678037619532,value_0,-0.05761879703358539
1.1428228145150205,value_1,0.2010990467149675
0.7519330326867741,value_2,1.050654396007612
0.7910319470430469,value_0,1.1055259329579838
-0.9093874547947389,value_1,1.1870303055603801
1.4027943109360992,value_2,0.6387302220291846
-1.4018510627922809,value_0,-1.1430049127304835
0.5868570938002703,value_1,1.633431532301096
2.1904556258099785,value_2,-1.146345393018688
-0.9905363251306883,value_0,0.30263546523903323
-0.5662977296027719,value_1,-0.7542758500193579
0.09965136508764122,value_2,-0.06413834659299263
-0.5034756541161992,value_0,0.32876241030348075
-1.5506634310661327,value_1,0.32135721545027307
0.06856297480602733,value_2,0.42192075423528475
-1.0623037137261049,value_0,1.613711269058647
0.4735924306351816,value_1,0.45353430151397983
-0.9194242342338034,value_2,-0.24415663529064877
1.5499344050175399,value_0,0.9640871682883576
-0.7832532923362371,value_1,1.1894704889246406
-0.3220615162056756,value_2,-1.2276078151369925
0.8135172173696698,value_0,0.597400069849858
-1.2308643164339552,value_1,0.7011727423108983
0.22745993460412942,value_2,-0.297563503359992
1.307142754282428,value_0,1.3757068133116197
-1.6074832345612275,value_1,-0.15005558703252717
0.1846338585323042,value_2,0.12557645347154262
0.2598827942484235,value_0,-0.1730718242838696
0.78182287177731,value_1,0.015579047581467534
-1.236950710878082,value_2,-1.0962750868952018
-1.3204566130842763,value_0,-1.4400508825942944
0.5219415656168976,value_1,1.5945050632249722
0.29698467323318606,value_2,-0.8469613483183278
0.25049285034587665,value_0,-0.9913923494563072
0.34644820949697586,value_1,-2.153390113603715
-0.6800247215784908,value_2,-0.6389617476895023
0.23225369716100355,value_0,-1.3230897934074985
0.29307247329868125,value_1,1.642015160136369
-0.7143514180263678,value_2,1.0098170893426341
1.8657745111447566,value_0,-0.6881503451777238
0.4738329209117875,value_1,2.2524358053443088
-1.1913034972026486,value_2,0.9817654869915943
0.6565536086338297,value_0,-0.32483138350862245
-0.9746816702273214,value_1,-2.4994057148735727
0.787084603742452,value_2,2.2909425725907413
1.158595579007404,value_0,-1.389572466763596
-0.8206823183517105,value_1,-1.6453987469568918
0.9633761292443218,value_2,1.0225704320096403
0.4127809269364983,value_0,2.439752406339273
0.82206015999449,value_1,1.3842728185105182
1.8967929826539474,value_2,0.5639091200523596
-0.2453881160028705,value_0,0.594754341665286
-0.7537361643574896,value_1,0.8534155587803077
-0.8895144296255233,value_2,0.7589285897867651
-0.8158102849654383,value_0,0.2811914239693758
-0.07710170941410412,value_1,0.10420110395187607
0.3411519748166435,value_2,-0.06259312789952241
0.27669079933001905,value_0,-0.7539645888666763
0.8271832490360238,value_1,-0.28067507686677406
0.01300189187790702,value_2,-1.6929568141953855
1.4535340771573169,value_0,-0.09833962679474989
-0.2646568332379561,value_1,-0.9885911071509176
2.720169166589619,value_2,-1.1035893172157711
0.6256673477650062,value_0,0.17989415115347845
-0.8571575564162826,value_1,1.3920022863445993
-1.0708924980611123,value_2,0.9183166060023132
0.4824724152431853,value_0,-1.5705006036231774
-0.22346278532585084,value_1,-0.9896281365703375
0.7140004940920919,value_2,0.9407711879882159
0.47323762457354485,value_0,-0.9824873935383096
-0.07282891265687277,value_1,-0.2246331499970246
-0.846793718068405,value_2,0.5500520990245519
-1.5148472246858646,value_0,-0.9683444548636353
-0.4465149520670211,value_1,0.1053755061459599
0.8563987943234723,value_2,-1.3340254949182044
0.21409374413020396,value_0,-0.6013676439512138
-1.245738778711988,value_1,0.319781934142537
0.173180925851182,value_2,-1.5929937335316693
0.3853173797288368,value_0,0.440474737960399
-0.883857436201133,value_1,-0.019637798926681226
0.1537251059455279,value_2,0.552489954417148
0.058208718445999896,value_0,0.22391413406466143
-1.142970297830623,value_1,1.3641404299738442
0.3577873603482833,value_2,0.12522450264790727
0.5607845263682344,value_0,-0.429405541125253
1.083051243175277,value_1,0.12229750303228384
1.053802052034903,value_2,0.5432980290363882
-1.377669367957091,value_0,0.04886007032570433
-0.9378250399151228,value_1,0.04059169120388238
0.5150352672086598,value_2,-0.7019916878067556
0.5137859509122088,value_0,-0.6629009175509484
0.5150476863060478,value_1,-1.4026052717996935
3.8527314906547208,value_2,1.7495767431869393
0.570890510693167,value_0,-1.243863235391285
1.135565640180599,value_1,-0.6929051977959073
0.9540017634932023,value_2,-0.7184072655691974
0.651391251305798,value_0,0.8949243769444413
-0.31526924464034556,value_1,-0.2949496782920278
0.7589692204932672,value_2,1.2477420726737338
-0.7728252145375718,value_0,-0.6734906242438685
-0.23681860674000887,value_1,0.27899416222380197
-0.48536354782910346,value_2,-0.8353470532597573
0.08187413938632256,value_0,2.1451491277733883
2.3146585666735087,value_1,-1.1875984190295128
-1.8672651925917483,value_2,0.3098207102270275
0.6862601903745136,value_0,0.6337768809320985
-1.6127158711896519,value_1,0.41379909745149823
-0.4719318657894335,value_2,-0.1852876588777083
1.0889505969673663,value_0,-0.12982069973342616
0.06428001909546277,value_1,0.0438114719791096
-1.0777447779293061,value_2,-0.14700200162848862
-0.7153037092599682,value_0,0.9638791167949097
0.6795977489346758,value_1,2.2105230015913513
-0.7303666317171367,value_2,-0.5574917850078337
0.21645858958197486,value_0,-1.369802979579078
0.04557183990381377,value_1,-0.0882820483512548
-0.6516003476058169,value_2,2.579709337654318
2.1439440893253257,value_0,-0.8036745679697308
0.6339190223180112,value_1,1.6391168054440675
-2.025142586657607,value_2,1.6777008140764407
0.18645431476942764,value_0,-0.5535882417079946
-0.661786464768388,value_1,0.5689830791852754
0.852433334796224,value_2,1.628396623128538
-0.7925207384327007,value_0,-0.3791277409874871
-0.11473644146689901,value_1,-0.20358036010236177
0.5049872789804571,value_2,-0.5816809139486437
0.8657551941701215,value_0,-1.0147567306928669
-1.2002964070557762,value_1,-0.6492775450660071
-0.3345012358409484,value_2,-1.2239402667622565
-0.4749453111609562,value_0,0.03408346825922606
-0.6533292325737119,value_1,-0.7699732310586415
1.7654542402810969,value_2,0.2337859117907477
0.40498171096095553,value_0,-1.5558956462036273
-1.2608839543350452,value_1,0.33088023221445706
0.9178619470547761,value_2,0.8335289616089246
2.1221561970126332,value_0,-1.9937356425714554
1.0324652605511468,value_1,0.37405656984757213
-1.5193699659540134,value_2,1.2276689924732922
-0.48423407286625136,value_0,-1.2096410186912054
1.2669111491866227,value_1,1.6725723868377034
-0.7076694656187807,value_2,0.4190190093660452
0.44381942814622843,value_0,-0.7050118557584089
0.7746340534293368,value_1,-0.05576907765770601
-0.926930471578083,value_2,0.5583269125217224
-0.05952535606180008,value_0,0.0760053914124115
-3.2412673400690726,value_1,0.5387559924463692
-1.0243876413342898,value_2,-0.9206735930793662
-0.2525681513931603,value_0,0.169360824036078
-1.2477831819648495,value_1,-1.4137144969049802
1.6324113039316352,value_2,-0.11122606134870032
-1.4301413779606327,value_0,-0.9039076414647897
-0.44004448669698376,value_1,-0.7355299425897666
0.13074057728609134,value_2,1.2360931752104374
1.4412732890661155,value_0,1.091310120594269
-1.4358621511794394,value_1,0.609138120907177
1.1631637521549596,value_2,-1.092312764672579
0.010233061019587049,value_0,-0.3164084496948019
-0.9815086510479509,value_1,1.2130976999791834
0.46210347426327075,value_2,0.14171691363990474
0.19905969557347003,value_0,2.319329539981694
-0.6002168771587947,value_1,0.39331783939437187
0.06980208499001886,value_2,0.1920491164900316
-0.3853135968617599,value_0,-0.3091164642025014
0.11351734525124799,value_1,0.13354090478228192
0.6621306745210463,value_2,-0.15246983638054348
1.586016816145352,value_0,0.7081086766885905
-1.237815498826849,value_1,0.9567023167945841
2.1330333746562666,value_2,-0.7859894605079495
-1.9520877995225019,value_0,-1.331232953557778
-0.15178509503558324,value_1,-1.8362053731032966
0.5883172064845762,value_2,0.5079913269125437
0.2809918677350327,value_0,-1.1033666061738736
-0.6226995198205939,value_1,-2.152890592952483
-0.20812225035727533,value_2,0.3885786045309641
-0.4930009346588331,value_0,2.4929995174327906
-0.5893647569442118,value_1,-0.006070911539893324
0.849602097021025,value_2,0.8384907744516419
0.35701548596504734,value_0,0.08182935854756501
-0.6929095952606542,value_1,-0.09888965319114267
0.8995998754332507,value_2,0.9190764829877686
0.30729952087660933,value_0,-0.29027454418865134
0.8128621188389601,value_1,0.26739231407190295
0.6296288419236122,value_2,0.3216978061960136
-0.8289950109220725,value_0,-0.6680904536430488
-0.5601810401969697,value_1,0.9920423495365228
0.7472936051232618,value_2,-0.17495975669540864
0.6103702654334648,value_0,-0.7557451594928447
-0.020901593964148132,value_1,0.5365098435704035
0.117327383308782,value_2,-0.8984679817910373
1.277664895788425,value_0,0.028181157369128247
-0.5915713888358299,value_1,-0.009118996644203544
0.5470973811700377,value_2,1.085895565831578
-0.20219265243389398,value_0,0.4746982328799528
-0.21768120322722037,value_1,-0.025026958745143917
1.0987768519871903,value_2,0.8177662992002871
0.8254163489880298,value_0,1.3902075490173134
0.8135096360006385,value_1,0.5578103063518622
1.305478807154329,value_2,0.010352619843380607
0.02100384163275905,value_0,-1.3118362323501596
0.6819529712949639,value_1,-1.0651136630753726
-0.31026675659345604,value_2,-0.30522470435466764
0.3241663524884421,value_0,-0.6095122021592831
-0.13014305436768459,value_1,-0.186971302985446
0.09699596499271819,value_2,0.056649924897107164
0.5951570254369136,value_0,0.5296927543567308
-0.8182206832334725,value_1,-0.07049877805909122
2.0923872756854602,value_2,0.4865016438262019
-1.006017381499702,value_0,0.06447441481012024
-1.2141886127877322,value_1,-1.9754665663538713
1.1581108735000678,value_2,-0.9393353938187543
0.7916626939629359,value_0,-0.14408755572161547
0.6241198170521551,value_1,-1.2096947428411076
0.6283455092642799,value_2,0.5999287299962045
-0.012246772846914623,value_0,1.5307508323436974
-0.8972543714858315,value_1,1.2187618516973167
0.07580455819372633,value_2,-0.213442870930208
-0.6771617115121117,value_0,1.490726136849952
0.9751197334177512,value_1,0.14866745720211172
-0.14705738150213865,value_2,-0.3370859711180397
-0.8254971967925115,value_0,-0.6134026635409398
-0.32138584165299344,value_1,-0.30246968648812833
0.4129314542756245,value_2,-0.38817681854122876
-0.5637245528039749,value_0,0.1704162223754877
-0.8222203955664315,value_1,0.1605739810498646
0.2436872114919123,value_2,0.0030460201534144695
0.24496657110872277,value_0,0.43693816974634986
-0.5069431753711298,value_1,1.1906462747863413
-0.4710383056183228,value_2,0.9495541354413237
0.2320499373576363,value_0,-1.4848979684499035
-1.4480843414973241,value_1,-2.553921134901955
-1.4074637743765552,value_2,0.9343199112392737
-0.718444221252436,value_0,-1.366878698415421
-0.21344715171184725,value_1,-0.22476540189268354
0.3109075655980046,value_2,-1.1701130260593595
1.475356216949552,value_0,-1.8019804375800197
0.8576596232020194,value_1,0.541462728204788
-0.1599385299634271,value_2,0.7591551603026468
-0.01901620790268883,value_0,-0.5765104007267194
-1.0025293646378088,value_1,-2.59104229214491
-0.018513135992389903,value_2,-0.5462444482524828
-0.2886586389201379,value_0,0.3918040054025465
0.3227185603380895,value_1,-1.4789115687741285
-0.827230943552323,value_2,0.1833599197791556
0.5193465142411723,value_0,-0.015309849172995557
1.5327389130025777,value_1,0.5792914996010884
-0.1087601484568576,value_2,0.11958036841415326
0.40171172209894146,value_0,-0.9730689408815555
0.6901439917111125,value_1,1.1965715016644913
-0.40122047188583626,value_2,-0.15852957302697002
0.22409248181041677,value_0,-0.02730453950993186
0.01259240078179486,value_1,-0.933267959073196
0.09767609854883172,value_2,-0.4432822511915103
-0.7730097838554665,value_0,-0.8848027140269009
0.024510174258942696,value_1,-0.17294605992342302
0.4979982912454495,value_2,1.7117084801423437
1.4511436077950417,value_0,-1.3719011429313563
0.9592708260852069,value_1,-1.6135613978767411
2.1531824575115563,value_2,1.4711703274936085
-0.7673475628880495,value_0,-0.20932367715186612
0.8723206367206782,value_1,-0.6690727386599166
0.18334200573835174,value_2,1.0399046873960764
2.1898029332176723,value_0,-0.6056155397368641
-0.8082982853551515,value_1,1.8260097135469362
-0.8397218421807761,value_2,0.6779258713392691
-0.5993926454440222,value_0,-0.48791140814570266
-2.123895724309807,value_1,2.1573082132655035
-0.525755021680761,value_2,-0.6057149230033384
-0.759132661553698,value_0,0.742095372009307
0.15039378647620763,value_1,0.2992925804064919
0.34175597577715944,value_2,1.301741289398798
1.8761708392158862,value_0,1.5615111967268527
0.9504238381860503,value_1,0.032004149065766624
-0.5769036556624031,value_2,-0.7534178703461835
-0.898414671348358,value_0,0.4599721429391164
0.4919191715065057,value_1,-0.6777153697521061
-1.3202332070206422,value_2,2.013387247526623
1.8314587658543537,value_0,0.13653533108273744
1.179440120721287,value_1,-0.3653215513121087
-0.4691756521047048,value_2,0.1846803058649084
-1.713134529090878,value_0,-1.3471262895296965
1.3538723741654133,value_1,-0.9716140385106515
-0.11453984525261789,value_2,1.2004139079444254
1.2378163119734618,value_0,-0.6568942789713957
-1.594427658794367,value_1,-1.0469109826819396
-0.5993750229537729,value_2,0.5366527525272862
0.005243699718183166,value_0,1.185704154662997
0.046980593764742055,value_1,0.7189533106650667
-0.45006547147924364,value_2,0.9960476858058164
0.6228499323474987,value_0,-0.7567950885694608
-1.0676204293825944,value_1,-1.4218106667418438
-0.1423794850212935,value_2,1.5013336519554867
0.12029563171189886,value_0,-0.32267983884213575
0.514438834058749,value_1,-0.25083301645504735
0.7116148780888896,value_2,1.328194141849058
-1.124642091837869,value_0,0.5562300094006599
-1.5341141707356223,value_1,0.45588777208160763
1.277676821898509,value_2,2.165002344901084
0.33231401197959165,value_0,-0.643518230380143
-0.7484865365565536,value_1,0.9278401280812372
1.551151975522523,value_2,0.05701312489708459
0.11567463429285867,value_0,0.26859227886325737
1.1792971840638264,value_1,1.5284684264125317
0.06751848141010895,value_2,0.5078357562896237
2.060747924881987,value_0,0.538296079049633
1.7553408424432044,value_1,1.0725073373098022
-0.2489641484790735,value_2,-0.3649527295428853
0.9715709509543554,value_0,-0.8392096673390064
0.6453759495851475,value_1,-1.0448091940210336
1.3686315575323487,value_2,-1.9663565893760018
-0.9649234605801045,value_0,2.056207129940322
0.6860514599984393,value_1,-1.1032083657216831
1.0584244868495878,value_2,-0.221253623585772
-1.7587394864231143,value_0,-0.27681329988892067
-1.183258512665775,value_1,0.3074066978091007
-2.0392321777601006,value_2,0.8157372125392965
-0.26940683444455765,value_0,0.8604734883597454
0.7175422557959621,value_1,-0.5830774385689385
1.502357052096028,value_2,-0.1671217137864115
0.07409478041977519,value_0,0.28257995048829965
1.6286155455712918,value_1,-0.24869112618354708
-1.3801014582148914,value_2,1.6073455760199926
-1.7033824393551547,value_0,0.49097495163825133
-0.05554769889661878,value_1,0.7348777860498175
0.3840654489393073,value_2,0.6628812686674127
-0.03269474809409311,value_0,1.173473857485325
-2.0674421000398766,value_1,0.18102155870370695
-0.08912003951278841,value_2,-1.2968319479558466
-1.3044695005048532,value_0,0.3996879517526416
0.6696725488300385,value_1,-0.651356893791829
0.36659824609684827,value_2,-0.5286166817497568
-0.9398797863273552,value_0,0.5863640187550933
-0.5138669173366935,value_1,1.2382830714336357
-1.0592135218889516,value_2,0.02127157673606165
-0.06267909727317188,value_0,0.3088330125989638
0.9551423205012383,value_1,1.702214944635238
-0.9857260463355437,value_2,0.24075317948856825
0.5040465155178444,value_0,2.601683114180395
-0.5302576183724408,value_1,0.5655096456315442
-0.7928728322623442,value_2,-1.7607627591558177
-0.10703035995455783,value_0,0.7533416211045325
-1.035242322419374,value_1,0.38115838488277776
-0.553649305347182,value_2,1.2897527540827458
-1.1978778925888485,value_0,0.6731813512699585
1.9647251329163893,value_1,-0.13845598398377382
0.03526355197172861,value_2,-1.2242982362893657
-0.6997255079925854,value_0,-0.2090232572860252
0.21397991073422196,value_1,-0.8505204542092998
-0.11232804969082963,value_2,-0.5805234498047227
-0.2209695995332226,value_0,0.5885784044206096
0.6141667000434252,value_1,1.6699045043514062
0.7575077100473051,value_2,0.3946715298229811
-0.5305011476105275,value_0,-1.1958830620351844
-0.57581824064468,value_1,0.4446026682201407
-0.275051697151644,value_2,1.196631486645651
-2.301921164735585,value_0,-0.6097829043193822
-1.515191062198552,value_1,-0.1340171666729177
1.3668742674445244,value_2,0.014688194729197093
1.6449677135012837,value_0,-0.78489831308224
-0.24903603955637832,value_1,0.648280433843859
0.5765569630557664,value_2,-0.12094814860778157
0.3112501545435361,value_0,0.41953244390702776
3.0788808084552377,value_1,-0.8874921778021001
1.1195749114345768,value_2,-0.43745830032341043
-0.12791759148076653,value_0,0.7223813578277714
-0.9555404406004258,value_1,-0.372833152091767
-1.6064463202575725,value_2,1.7269638512334051
0.2034636358672231,value_0,-0.39963618561460235
-0.7563507452843033,value_1,0.22468472575188592
-1.4222537095976742,value_2,0.9325908318730899
-0.6465728842425267,value_0,-1.4183657329330317
-1.0815480036143952,value_1,-1.7608088119807759
1.6871416350725648,value_2,-1.5256563145700948
0.8816397569494505,value_0,1.262584103427182
-0.007972641316617375,value_1,-0.5518581458924467
1.4799441388900263,value_2,2.5581992856682523
0.0773683076476183,value_0,-0.5642475986573886
-0.8612842013282637,value_1,0.18455130319703697
1.5231240772696573,value_2,1.5421099525678756
0.5389100436846587,value_0,2.006092888159123
-1.0372461543264564,value_1,2.061503576636398
-0.1903386780836082,value_2,1.2083662305931424
-0.8756182533847574,value_0,1.0240625258114624
-1.3827997309643363,value_1,0.5925269492011831
0.9261775475316414,value_2,0.7783610761666377
1.9094166404701305,value_0,-0.5511857163285334
-1.3985675738191412,value_1,-0.8181988834223072
0.5629692366905709,value_2,-0.0033744574109520514
-0.6506425691218272,value_0,-0.17018462252492844
-0.4871253837646962,value_1,-0.4532280493272752
-0.5923939242388692,value_2,0.6963874474567154
-0.863990769679816,value_0,0.9553052085705108
0.04852162794482699,value_1,0.08840688629184734
-0.8309501164110378,value_2,1.4775300810552616
0.2704568257798388,value_0,-1.141689114133505
-0.05023810944913695,value_1,-0.19365945927971812
-0.23894804686640975,value_2,-0.7168223206028049
-0.9075636620415979,value_0,-1.86653661707306
-0.5767713305683327,value_1,-0.08268068584269925
0.755391225825756,value_2,-0.12174750838328353
0.5009171876243808,value_0,1.513449743242131
-0.977555244798551,value_1,0.6308116845547775
0.09933230542922587,value_2,-1.024186824329205
0.751387123371789,value_0,1.8540925663341883
-1.6694052811213718,value_1,1.221033695525353
0.543360192379935,value_2,0.5820977034686158
-0.6626237589458467,value_0,-0.22648409884983187
0.5705986685931593,value_1,-0.9594392367234795
-0.7632591565425169,value_2,-0.3722067760710529
-1.804882100664519,value_0,1.0887486197041858
-1.6275424378831627,value_1,1.8845863059346086
0.048084946661381994,value_2,1.5432435282721888
0.25972250172148187,value_0,-0.4888494217862741
-0.9043166251044086,value_1,-1.1196174332890112
0.6385924587773739,value_2,0.14088624691120394
-1.6615200622689599,value_0,-1.7684393655628516
-0.06607979864731657,value_1,0.32316771418478146
-1.2110161997624564,value_2,-0.14760258629866868
-0.6518361078021592,value_0,-0.46603650186824225
0.047398671316414016,value_1,-1.5947030672667954
-0.8604133652839524,value_2,0.5136001065697166
-0.38455554422982535,value_0,-0.5327008396619114
1.0062928092144405,value_1,-1.169916835710288
-0.5768918695231487,value_2,-2.8722622132816493
0.8356921120651418,value_0,-0.027514905050636255
-1.129706854657618,value_1,1.772251596669744
0.5298041779152828,value_2,1.66125921454787
1.4415686206579004,value_0,-0.45709625658627184
-2.4716445001272893,value_1,-0.6022120603617805
-0.7968952554704768,value_2,0.46877425607502377
0.57707212718054,value_0,-0.9983854391882915
-0.2030453860429927,value_1,0.30179189981946597
0.37114587337130883,value_2,0.7660802783846903
-0.6039851867158206,value_0,1.2269332238843076
0.08658978747289992,value_1,-0.10015407647995278
-0.15567723539207948,value_2,-0.20367375017696587
1.1677820616598074,value_0,-0.877982586756561
0.2544208433012131,value_1,-0.82688035403986
0.3376026620752022,value_2,-0.22647889190152676
-0.4118769661224674,value_0,0.3673655068161781
-0.48760622407249354,value_1,0.9135846262332494
-0.4325581878196209,value_2,-0.8031789506803448
0.39445214237829684,value_0,1.4926885689595217
-0.42098448082026296,value_1,-0.2711236010425688
0.28977485689641286,value_2,-0.021367294348436157
2.0754007986454384,value_0,-0.7472116791478234
0.8711247034316923,value_1,-2.4242402602729416
-0.32602353216784113,value_2,0.8840453963610497
1.2012139221639448,value_0,0.7368438970924334
-0.4080753730215514,value_1,-0.2813275571182134
-2.038124535177854,value_2,0.06699071722487192
-1.008086310917404,value_0,0.5159392177040995
-1.8707919210258557,value_1,-1.5625458568865427
-0.35151348404130867,value_2,-0.5290526773462948
0.0184183791895517,value_0,0.7942646796218271
1.6764373122752827,value_1,-1.2542894231692494
0.32692737376416264,value_2,0.2935579321666293
-0.21910052880886424,value_0,-1.356581804623405
0.8294055811834892,value_1,0.46642998243352635
-2.211135309007885,value_2,-0.03564148229748357
0.23561455810856594,value_0,-1.6151318159055095
0.7708651938869668,value_1,1.1647393544571714
-1.4785862457798415,value_2,-0.734591576798049
1.143754043206929,value_0,-0.8102524370143808
0.3384964074944141,value_1,0.20056919723094285
-0.4152879139008013,value_2,1.1486373494287152
0.6327818661062848,value_0,-1.015821818978397
2.270692857804396,value_1,0.06167984984797165
0.18186625505849516,value_2,0.42881650033057295
0.24822058630033608,value_0,0.6931056072631441
-0.4593608995402441,value_1,0.1764415552772252
-0.8498443694647918,value_2,-0.3670278390833223
0.8303358165442456,value_0,-0.8275902206487197
-0.8560838259088672,value_1,0.08614388304637476
0.07156623721939247,value_2,-1.072139011985607
-0.4776574467651167,value_0,-2.9213504834946074
0.47897982574639203,value_1,0.4365598041576678
0.33366210528694845,value_2,0.9039348410861953
1.0375399442578994,value_0,-2.3629324355418384
-0.5100163988547471,value_1,-1.0097307047099375
-0.26987493529337125,value_2,0.6191542610051978
-0.9787637157823074,value_0,2.0574954697116987
-0.44429326007611136,value_1,0.020793707675407887
0.37730049304485197,value_2,-0.7280029412291342
0.7569886166453519,value_0,-0.18289644110484016
-0.9221653241776254,value_1,1.3748764191481848
0.8696059201056602,value_2,-0.6459641791245353
1.355637858804951,value_0,-0.7991920066502536
0.41343490322370086,value_1,-0.4827435221820324
1.876795812558066,value_2,-0.9533286082587124
-0.773789199103573,value_0,0.12267031599479553
-1.244654703311417,value_1,1.6246784584695606
-1.7787202489042786,value_2,0.3230792731160291
1.496044311489183,value_0,-0.2523535021262876
0.6543656563540577,value_1,-0.2918112689155441
-0.05558467091045507,value_2,-1.563190808696657
0.2799686263198203,value_0,0.883109777147159
-1.1254890472983765,value_1,-0.07783719701280203
2.4457519796168263,value_2,-0.18047991359062565
0.1292211819752275,value_0,3.193107567844861
0.10939479460489293,value_1,0.29875290836568624
0.7257666238986923,value_2,-0.7517910500951843
0.4810092317367132,value_0,-0.4263575962055433
0.22388402427913137,value_1,1.1484457091967548
-0.7904744554453119,value_2,0.11327041053776446
0.4714683571359957,value_0,-1.4382779783173667
1.8820244964750337,value_1,0.9192289345752035
1.3454200461549777,value_2,-0.668144085538994
1.5931866266393973,value_0,1.8732977762175456
-0.5112156764311853,value_1,1.0800480657146485
-0.9896048202585809,value_2,-0.4473218956587511
-0.12578692009964815,value_0,1.2810163617351127
0.055724912288694604,value_1,0.06785551052740331
1.0941915184709485,value_2,0.8527736751222197
-1.6924646297148194,value_0,0.48473281729447476
1.5295503194606137,value_1,-0.8463566549908735
-0.15800789857898942,value_2,-0.6435498323174619
-0.42688106994742003,value_0,1.0299608175811612
-1.0121043752601677,value_1,-0.33477533210654087
-1.6548566718657698,value_2,-0.4036484632419967
0.8231705839619146,value_0,-0.955122579349353
0.07331796718840389,value_1,0.42359906559346105
-1.2899608997410539,value_2,2.062524919243145
-1.295078772063616,value_0,-1.0675329142542729
-0.3357846992901282,value_1,0.02421945667275807
1.669021525289393,value_2,1.4122205554154292
-0.2595913513636048,value_0,-0.0796413912457152
-1.5031429531181062,value_1,0.4523717962497342
-0.24574306408594407,value_2,-1.0623935281468797
-0.2727235697476702,value_0,0.4283070972076486
-2.6968866429415717,value_1,-0.18714426500454878
-0.05429486651781221,value_2,0.985729995679863
-0.23093453020867796,value_0,1.187386051564751
0.6962063648134184,value_1,2.5895636420186134
1.8489560949453452,value_2,0.5796331732135757
1.1265650295477574,value_0,0.32579631658216646
-0.2688886905548305,value_1,0.19438430157733602
-1.1065259087416701,value_2,-0.35316629281068834
2.5733598032498604,value_0,0.33848384346169114
0.05921843401448826,value_1,-0.29540141013902943
0.013929291912946203,value_2,0.1684609762696143
-0.024125087110003277,value_0,1.3175975356079597
0.19808476076785533,value_1,-1.0065425652796411
-0.14436041192394275,value_2,1.1398785611290454
-0.5736620068802363,value_0,1.3171150673398653
-0.5468589412403921,value_1,-0.11806852699107874
-0.03275327021599839,value_2,-2.1218548990085946
-0.543424771133765,value_0,-0.6078219870944325
-0.7128457826771644,value_1,1.2969945465611092
0.10643022769189683,value_2,-0.022868062298882122
-0.2549772174208552,value_0,-0.9993022322949108
1.5039929885826884,value_1,-0.5047749212282174
-2.650969808393012,value_2,0.840620026504553
1.0915068519224618,value_0,0.5467335682013793
1.246085192497629,value_1,-0.23893209916969452
-2.0733902324081495,value_2,-0.36682441181468783
-0.34268759408034877,value_0,-0.3917581490438219
-0.37144086599579146,value_1,-0.9224101844985025
-1.4075116947178212,value_2,1.6153756894694418
-0.7778166875908753,value_0,-0.3223204692113399
-1.1105758454658288,value_1,1.2171585208254965
1.7522704434236227,value_2,1.5213160519224513
0.9356783931474612,value_0,0.9983108981479604
1.2715550949941588,value_1,-0.4316203127180484
0.7216720640432349,value_2,0.40373009033660945
-1.129051771217229,value_0,-0.024195606390916165
-0.5245202662797737,value_1,-0.9037018607301281
0.48937456122791806,value_2,0.324359281721603
-1.2221278088919454,value_0,-1.1790397911598025
0.7129984301723881,value_1,1.1876793884615637
-0.24032539815813486,value_2,-0.4646172972983931
-0.37482080754959723,value_0,0.2011596558728393
0.7109599682034917,value_1,0.28328787154614216
0.4442633114860399,value_2,-0.25890497370407733
-0.3609661658190799,value_0,0.5866938014752747
1.159329803364248,value_1,-0.47490365662252443
-1.0810633275998973,value_2,0.8712972974572442
0.6159356069442637,value_0,-1.3459796802467485
0.5931012579683838,value_1,0.12637957954641182
-0.3095464393139903,value_2,1.9389289990582848
0.326133022242118,value_0,-1.0003313246055747
-1.2511135763853032,value_1,-0.6777449705248515
0.924027019206901,value_2,0.513907849658915
-0.18490213644298903,value_0,0.17958178193959795
-0.5227230205190395,value_1,0.3506300992735592
1.0490092258368893,value_2,0.4891871301476635
-0.7043436905427592,value_0,0.6347214685617699
-1.4084612963635597,value_1,1.1096998419562232
-1.5566291735239037,value_2,0.40981865692851255
0.6060099513456396,value_0,-0.24125765461854246
-1.280429352496283,value_1,0.6725737012027311
1.7547941819843647,value_2,1.899881934895215
-2.081929407883722,value_0,-0.13263374638257355
1.6964563682900382,value_1,-0.9745293046706415
0.2110174672026184,value_2,1.1070806692869728
-0.09671311187039239,value_0,-0.12038116395359824
-0.5449190868089495,value_1,-2.172669546014036
0.39913611435207075,value_2,0.8474216771504216
-0.03763470242484838,value_0,-0.5353281859539227
1.103301882016522,value_1,-0.09053328230416077
0.11422764866203965,value_2,0.3319803305690149
0.1503017614618776,value_0,0.1904996797790666
-0.36361221221385587,value_1,0.7094518171390395
-0.056945623721067457,value_2,-0.43548637056984335
0.3078017688920592,value_0,0.5131057981760827
-1.7101683926566253,value_1,-0.2595466775839172
-1.348185422105713,value_2,0.738810480887503
0.743264094022715,value_0,0.6153674840130534
0.17086543812794186,value_1,-0.9354387020445952
-0.18398333635267913,value_2,1.085982116175032
0.01843393306539316,value_0,-0.535963445114048
0.34758170536167105,value_1,0.8080577982811451
-0.5397596803093615,value_2,0.3672873134013406
-0.7783047254023127,value_0,1.8381836767951223
0.19584525509768155,value_1,-0.22346598237185214
-0.978372777615032,value_2,-0.3493167961181975
0.40825275571447184,value_0,-0.019419605887732585
-1.7025836042378404,value_1,-0.30317978283427505
1.0291556373256436,value_2,0.7999419019420501
0.472597482413043,value_0,-1.616310608436588
0.25602973431387566,value_1,-1.0536824191463543
0.9826909839455139,value_2,-1.067802921579193
1.6654744444625766,value_0,0.9503075919735757
1.0143700650181304,value_1,1.7106133725819253
-1.8408742313316453,value_2,-0.1044492185374715
-1.2795769667357015,value_0,-0.16882172319001063
-0.6248185776956788,value_1,0.07005216311318137
0.026091050210833786,value_2,1.1618783026081902
0.517659020469123,value_0,-0.9273531341905741
-0.7257438131534656,value_1,0.23836898273478513
0.18676676447707832,value_2,0.9751976297824295
-0.7553829323533225,value_0,0.501094169939845
-0.6115178029919482,value_1,0.1895816165987434
-1.4066610968482223,value_2,1.0010460925671412
-0.9232332461109043,value_0,-2.703232292999237
-1.3516846056163336,value_1,0.6778753195309076
-0.9758732529773327,value_2,-0.6540756831274238
1.0536417966078395,value_0,-1.830632896856457
-0.949398888831943,value_1,0.5112025995249807
2.632382064837391,value_2,1.3736585451629577
0.4933179008808892,value_0,-0.13744851462769184
0.1848361236948739,value_1,0.9528745472029384
-0.8583577801812133,value_2,1.6122782579886454
0.7003098794089911,value_0,1.3149144535840473
-0.5756378262377739,value_1,1.639964529371393
0.12200981464536144,value_2,0.7421274910718922
2.5600845382687947,value_0,0.0754336389015928
-0.09605989972464987,value_1,-1.6019658118971685
1.1492733262856758,value_2,-0.24606248812994846
-0.7031764251258874,value_0,-0.8432465953161914
-0.0349884904969617,value_1,2.1709427174978138
1.77080063563551,value_2,-0.1758858124323366
-0.6269670577877674,value_0,0.12320480678448571
1.8124485579969287,value_1,0.5514853760404677
0.7077519354554754,value_2,0.043602446372453724
-0.5624667758942676,value_0,1.695051040430753
0.6324077390555208,value_1,-0.622649361734452
0.9725544496267297,value_2,0.1946074552372427
0.6218099622171964,value_0,-0.7424705856980482
-1.5702247198904564,value_1,-1.3200225112207058
-0.7271371758248686,value_2,-0.6117690909052854
-0.24751863555150475,value_0,-0.03703679704841202
-0.07443342910004629,value_1,-0.42930222451725997
0.620672097550678,value_2,-0.692420979873856
0.17770100093325383,value_0,-1.4063174636718339
-1.3353443587101013,value_1,-0.08310557262869477
0.3801978510059632,value_2,-1.5047203740310022
0.6105857452838231,value_0,0.7600559636896026
0.5597904479310398,value_1,0.08243975293450329
1.0807807255546218,value_2,-1.4575514994649306
0.8339221545489041,value_0,-0.30920907704986345
0.4591800792284367,value_1,-0.7521564055905832
-0.070165711458647,value_2,0.31917451041918043
-1.660960933515991,value_0,1.3404504460231446
0.42961821913258585,value_1,-1.8751724696457446
0.20768768716311115,value_2,0.11502607914741717
0.2715788371953735,value_0,-0.16013279556664034
-1.2767485758203097,value_1,0.6713400764504653
-1.0810565404082624,value_2,0.21319662823768915
1.0531528533329035,value_0,-0.7519693317388191
-0.03955515385665504,value_1,-0.31905393566661816
0.6815006973726244,value_2,-0.796025856803489
0.02831837613045931,value_0,1.0760071385985983
0.029756139495743236,value_1,0.02131164867194222
0.9382838059759977,value_2,1.9011906857530074
-0.5160447282173739,value_0,-0.060660813814620775
0.09612077694098344,value_1,-0.7084067669104628
-0.46227528870504275,value_2,-1.5137143926128271
-0.4344962274323156,value_0,-1.803139676255945
-0.30917212346863937,value_1,-1.5841359430054898
0.22213377163371276,value_2,0.2671266510114834
-0.4787486216634771,value_0,0.5087250232299338
1.2557561255735208,value_1,-1.5811907020321334
-0.8946073022195039,value_2,0.8950383140761154
-0.18687164416135904,value_0,-0.4830610516834395
-0.4397310582741749,value_1,0.14679301198554937
1.4469778843537329,value_2,1.6122206282554243
0.19655477651157463,value_0,0.8968393158655319
1.0318445394686349,value_1,-0.2685306479058323
-1.485560373036972,value_2,-0.8911922254152874
0.26705026586925884,value_0,-2.151815401329305
0.889630795623437,value_1,-0.7191533192424201
0.08228398927542419,value_2,-0.21113023882769438
1.0654803750653512,value_0,-0.9871795271511837
-0.5172884501003722,value_1,-0.13125696709230472
1.40934744018558,value_2,0.07685188295876821
2.2988981236192503,value_0,-0.22485598180807856
-0.36283856043965906,value_1,-0.6500025808234597
-0.4455025214007718,value_2,0.16865467196672768
1.453384477117701,value_0,0.44194064956940904
1.5795721457307124,value_1,-1.090399077442846
-0.5228600271532683,value_2,1.41093237974627
-0.42018681709585753,value_0,-0.09858813228426173
-0.2817846088605074,value_1,0.018849622944847662
-1.344450511034277,value_2,0.7082144232565574
-0.9186519464841982,value_0,0.23321613126350177
-1.0041407667520679,value_1,0.9531366339132451
-0.7677975651041284,value_2,0.2871241652018242
-0.034684887386781105,value_0,-0.6124373746404379
0.23421473253652023,value_1,0.36150352520610163
1.5505004928140769,value_2,-1.1437262073206618
-0.998354040738791,value_0,0.10855970577652314
0.9843223984765838,value_1,-0.0332299906444608
-0.21398884422550896,value_2,-0.2081168572725397
-0.049463709652432936,value_0,-0.12853751143893075
0.6748194921666035,value_1,-1.881849045497639
-1.1227220215622986,value_2,-0.5487249077409615
0.3824097461840506,value_0,0.09284490114111471
0.16645220821305598,value_1,0.15985639199740037
0.4924512640081488,value_2,-1.0276751409259581
0.2891686439078181,value_0,1.2657078408647005
2.4553001399108942,value_1,-0.8661748482145006
-0.637739984251316,value_2,0.9694572005267368
-0.5309969550018176,value_0,0.42719436187168486
-0.6231405264247644,value_1,-0.6462273098438029
-0.5554771191602547,value_2,1.7753108926095116
-0.6373871273065177,value_0,-1.19363683175648
1.1890165311075518,value_1,0.9191541736100015
1.4205042479898549,value_2,1.0005823180429783
-0.5707462937494763,value_0,-0.6706202090766449
-0.8323555731042287,value_1,1.3924653000643288
0.4714155563864041,value_2,-0.2500465145989528
-0.5522230442809716,value_0,0.28869362927985703
0.6329318177555111,value_1,0.2603218387712207
0.2029230208512997,value_2,-0.1343087414705478
-1.515744114997232,value_0,0.8108082731597821
1.5475052013300616,value_1,0.793488720552213
1.7958776730955217,value_2,-1.7485319732381808
-0.612788690484386,value_0,1.3043402428781525
-0.38770155993598404,value_1,-1.6624919880356743
0.28586539072490513,value_2,1.0325462043416573
0.33445678998702516,value_0,1.1267051368275833
0.6585442726728304,value_1,-1.0909664302151982
2.0102045387663496,value_2,-0.4108142879545848
-0.1769472274940494,value_0,-1.1057046684859357
-0.7982972445384537,value_1,-0.21492103028873533
-1.3793192280145272,value_2,-0.30803428418574125
-0.7309300399419191,value_0,0.7796605322693398
-0.033126972873797095,value_1,1.3103087461196088
1.7945578635177877,value_2,1.3956838107899563
-0.5176112990361714,value_0,-0.5621680265783021
0.2237879516388985,value_1,-0.20922187374452778
-0.016422896072752075,value_2,-1.68343819222095
1.188393273448084,value_0,-0.8058700664961886
2.5269324258736217,value_1,0.9648516330974576
-0.5308687729203206,value_2,1.6155828235482317
-0.48943944251822213,value_0,-1.234348871879922
1.044160877069072,value_1,-0.5924642591528942
0.6818914896263114,value_2,-0.026405756958926992
1.8467073257360336,value_0,0.28016115881960635
0.5839281853259639,value_1,-0.8096035199216461
-0.35929209078705954,value_2,0.4240610444640897
0.5906548306923093,value_0,-0.47383934707091613
1.1087035805829077,value_1,-0.014452270878279104
0.8204821811973643,value_2,0.5462842480036996
0.5072740311072979,value_0,0.0064222698109378164
1.066674689589154,value_1,-0.4363858905265686
1.1692955904456728,value_2,-0.10960980392583083
1.3821589910375272,value_0,-0.08836295920533539
0.6487098875896427,value_1,-0.37001102988212803
-0.16711808031685435,value_2,-0.25879606266710237
0.14671368643332283,value_0,1.598647170504717
1.2065089665083568,value_1,0.5609194479412387
-0.8169356709872361,value_2,-0.29548031802916036
0.3686733088729012,value_0,0.6969544045107356
-0.3933388123273607,value_1,-0.33381948975600995
0.028744822934817487,value_2,1.1731246375866413
1.2784518626072987,value_0,0.3696421921980939
0.19109906801990334,value_1,-0.10730214400422883
0.04643654815614881,value_2,0.44771692581027733
-1.3598561409799192,value_0,-1.5708761520684993
0.7462535660272207,value_1,-1.1267674689098053
0.6454841811410754,value_2,-1.1939250063990554
2.16325472330546,value_0,0.14294309476370676
-0.30777823495300055,value_1,1.732514999485092
0.21915032766393877,value_2,2.2313001461926323
0.24938368371075526,value_0,0.6380511014407572
1.5774532797634744,value_1,0.5008444749444569
-0.0952955323869521,value_2,-1.801057734152739
0.27902152577033923,value_0,-0.5426737997340217
0.6078965097165392,value_1,-0.7877837519082389
0.1866091231563581,value_2,-0.620847598251116
-0.44643361455052827,value_0,-0.16814381858478955
0.19408999289830758,value_1,-0.4720905776971272
1.073631749859772,value_2,-1.9792998103757877
-1.0265152994110602,value_0,0.7479102561175338
0.132969674146876,value_1,-1.0727430257398065
-0.7001208149391732,value_2,0.23924686411114954
1.1950466289248425,value_0,2.0740826697499735
-1.5231869047837747,value_1,-0.9193845915864234
-0.5589218472715883,value_2,-2.5302875227463297
0.37721187506452086,value_0,-0.2860042218801108
1.5655240292343404,value_1,1.100959634998571
-0.0657502610729878,value_2,1.9583474542205939
-0.5551995266931983,value_0,-1.2295495944524168
1.88115706944059,value_1,0.4966992232365217
-1.448013900416244,value_2,-0.46531045678005334
-2.198805956620082,value_0,-0.10594835430413566
0.4400144500533324,value_1,2.6443433470170348
-0.5020542243526112,value_2,-1.5029703283951532
-1.0212328171307132,value_0,0.25373966149457344
0.7083564472993533,value_1,0.4676931717654332
0.24380071377119883,value_2,1.0857863249393471
-0.5640786307367284,value_0,0.09798315347089544
-1.2803043986708944,value_1,0.30805053950410216
0.8724573282801447,value_2,-0.3916485674217908
0.650201177958661,value_0,0.26912694124510733
-0.09917586377938291,value_1,-0.3431922754974105
1.8466369960476658,value_2,0.6215718898560508
-1.0700847663261526,value_0,-0.36961033604363397
-1.5255251709247388,value_1,0.37710039390218647
-0.6919080698812444,value_2,-0.029262813684978354
-0.045586016355497805,value_0,1.1260502507721681
0.24333944932269183,value_1,-0.05139372358848624
-0.24123605785632987,value_2,-1.7730324682068814
0.3520553965142968,value_0,1.2619215007139917
-1.2515394241904443,value_1,-0.9057323008626189
1.4437646040732597,value_2,-0.6537663386488198
-0.08215117839256883,value_0,-0.5956612940434921
1.1172958315881278,value_1,1.3744380931708173
0.34272534637770413,value_2,-2.135674213978696
0.4567532191537839,value_0,3.1377485336599946
0.5697672802322037,value_1,1.0560568090660518
0.4477085600173148,value_2,0.22323891412915967
0.6427227598675439,value_0,-0.05489400061628639
1.3291525301324314,value_1,0.28555407485765694
0.19652116970147013,value_2,0.5211224283793385
0.7090037575885123,value_0,0.6452155859500572
-0.08973569428722672,value_1,0.5556044660034485
1.4401172154494728,value_2,0.08958068125524882
-0.6763923020592697,value_0,-0.1973384203073261
1.8009404329108156,value_1,-0.1512732836535117
-0.04015795064434341,value_2,-0.194908280352681
-1.4307751021180481,value_0,1.1337700968670645
0.12810441491078928,value_1,0.5935567222808619
-0.6810516574748808,value_2,-2.9403886346642802
0.8406435489887243,value_0,0.655900776529761
-0.6526239793023911,value_1,0.19473619471877485
-0.4461834332147797,value_2,-0.018708756445897416
-1.889540730945531,value_0,-0.38851845308888583
-0.4523063192490767,value_1,1.1241127199860135
-2.4238793266289567,value_2,0.9475264621228578
-1.5839028234857233,value_0,-0.7728776678236091
0.7604146561442974,value_1,0.4070522871245351
0.7858001586508322,value_2,-0.9716567345412859
0.42545756178496474,value_0,-1.3796181647889303
-0.966976143129213,value_1,-0.6267172245899651
-0.047711356141979855,value_2,0.8623934723827588
-0.003602539090568403,value_0,0.9531250453760867
-1.1583646891925423,value_1,0.513085420097293
1.5033983017671506,value_2,0.7250957868479971
0.8773622905756714,value_0,0.5161782871149584
-0.22096417382966393,value_1,-0.6414815952229522
0.02688583899453078,value_2,0.43192254467394064
0.20838280794755248,value_0,0.8004095252276825
-2.0417348684242906,value_1,0.7542913298135745
-0.24717738252059693,value_2,1.188913371474643
-0.6819842479977986,value_0,0.7083038472010638
-1.0016200098949155,value_1,0.3514482075415829
-0.2811002928859549,value_2,1.0701502383164274
1.7976865268495226,value_0,-0.026521259249060073
0.6408428612670098,value_1,-0.8818746512277181
-0.5711789897827968,value_2,-0.16306696394376388
0.5725827813561586,value_0,-0.7449026448064491
